<?xml version="1.0"?>
<!DOCTYPE hibernate-mapping PUBLIC "-//Hibernate/Hibernate Mapping DTD 3.0//EN"
"http://hibernate.sourceforge.net/hibernate-mapping-3.0.dtd">
<hibernate-mapping>
    <class name="com.ibsv.capitakpi.employee.model.Employee" 
		table="employee" catalog="capitakpi">
        <id name="employeeId" type="java.lang.Long">
            <column name="EMPLOYEE_ID" />
            <generator class="identity" />
        </id>
        <property name="name" type="string">
            <column name="NAME" length="45" not-null="true" />
        </property>
        <property name="division" type="string">
            <column name="DIVISION" not-null="true" />
        </property>
        <property name="startDate" type="timestamp">
            <column name="START_DATE" length="19" not-null="true" />
        </property>
    </class>
</hibernate-mapping>
